playerid,Name
1011348,Nolan Ryan
384,Chuck Finley
1014174,Mike Witt
4235,Jered Weaver
1012818,Frank Tanana
1507,John Lackey
1007323,Mark Langston
1002130,Dean Chance
1008382,Kirk McCaskill
1000012,Jim Abbott
3200,Ervin Santana
40,Jarrod Washburn
1008799,Andy Messersmith
1298,Kelvim Escobar
1008310,Rudy May
9784,Garrett Richards
1014410,Geoff Zahn
1001590,George Brunet
1757,Dan Haren
1012007,Bill Singer
1014272,Clyde Wright
1001098,Bert Blyleven
1004234,Ken Forsch
4776,Matt Shoemaker
1009542,Fred Newman
3580,C.J. Wilson
1008532,Jim McGlothlin
10190,Tyler Skaggs
1008344,Ken McBride
375,Bartolo Colon
27,Ramon Ortiz
15423,Andrew Heaney
1006515,Tommy John
4366,Joe Saunders
1004376,Dave Frost
1004037,Ed Figueroa
1005467,Paul Hartzell
1009376,Tom Murphy
1007757,Marcelino Lopez
1011168,Ron Romanick
1007453,Don Lee
33,Scott Schoeneweis
1006978,Bruce Kison
1000791,Bo Belinsky
1000003,Don Aase
1012745,Don Sutton
1005827,Ken Hill
1003278,Jason Dickson
1005480,Andy Hassler
1004979,Eli Grba
1007026,Chris Knapp
34,Aaron Sele
4026,Hector Santiago
1012054,Jim Slaton
1004306,Willie Fraser
1002304,Rickey Clark
571,Roy Oswalt
1011348,Nolan Ryan
1010913,J.R. Richard
1003288,Larry Dierker
574,Shane Reynolds
1014071,Don Wilson
1011691,Mike Scott
1009582,Joe Niekro
2586,Wandy Rodriguez
9434,Dallas Keuchel
430,Mike Hampton
815,Roger Clemens
1003950,Turk Farrell
1007031,Bob Knepper
1004234,Ken Forsch
1002853,Mike Cuellar
1163,Darryl Kile
8700,Justin Verlander
13125,Gerrit Cole
1001573,Bob Bruce
568,Wade Miller
1006477,Ken Johnson
1003473,Doug Drabek
840,Andy Pettitte
14120,Lance McCullers Jr.
7531,Collin McHugh
1011031,Dave Roberts
1004748,Dave Giusti
1005374,Pete Harnisch
1010460,Mark Portugal
1012745,Don Sutton
1005983,Chris Holt
1000970,Jack Billingham
9492,Bud Norris
475,Jose Lima
1007512,Denny Lemaster
1002996,Danny Darwin
1003228,Jim Deshaies
1010853,Jerry Reuss
1009651,Don Nottebart
1011297,Vern Ruhle
4676,Charlie Morton
1000266,Joaquin Andujar
962,Brett Myers
1005054,Tom Griffin
76,Greg Swindell
5401,Brad Peacock
573,Tim Redding
1001057,Wade Blasingame
426,Scott Elarton
1007521,Mark Lemongello
480,Brian Moehler
7410,J.A. Happ
7541,Lucas Harrell
6283,Scott Feldman
7593,Jordan Lyles
7754,Mike Fiers
1529,Brandon Backe
1010385,Eddie Plank
1005099,Lefty Grove
1000827,Chief Bender
1013467,Rube Waddell
1001094,Vida Blue
1006199,Catfish Hunter
921,Tim Hudson
1011174,Eddie Rommel
1013501,Rube Walberg
944,Barry Zito
1012519,Dave Stewart
1006785,Alex Kellner
932,Mark Mulder
1003633,George Earnshaw
1005989,Ken Holtzman
1011804,Bobby Shantz
1005431,Slim Harriss
1002583,Jack Coombs
1007319,Rick Langford
1010605,Jack Quinn
1772,Rich Harden
1757,Dan Haren
4849,Joe Blanton
12768,Sonny Gray
1009470,Rollie Naylor
1004170,Jesse Flores
8223,Brett Anderson
1009458,Jim Nash
1003343,Chuck Dobson
1009122,Mike Moore
1005684,Ray Herbert
1002222,Russ Christopher
1001754,Joe Bush
1001442,Lou Brissie
1004270,Dick Fowler
1011725,Diego Segui
1010216,Scott Perry
1009546,Bobo Newsom
1013750,Bob Welch
1003616,Jimmy Dygert
1009726,Blue Moon Odom
1002055,George Caster
8099,Dallas Braden
1009637,Mike Norris
1008103,Johnny Marcum
1004969,Dolly Gray
1006858,Matt Keough
15873,Sean Manaea
1002989,Ron Darling
1007981,Roy Mahaffey
1005686,Gil Heredia
1004556,Ned Garver
1277,Kenny Rogers
1002427,Joe Coleman
1010150,Orlando Pena
1009826,Steve Ontiveros
7448,Gio Gonzalez
1003707,Howard Ehmke
1005485,Bob Hasty
1008102,Phil Marchildon
375,Bartolo Colon
1002372,Andy Coakley
6249,Trevor Cahill
1002942,Bud Daley
926,Cory Lidle
1008383,Steve McCatty
1005591,Fred Heimach
4897,Scott Kazmir
1007143,Harry Krause
1001793,Harry Byrd
1014193,Roger Wolff
12304,Chris Bassitt
1013422,Rube Vickers
1006938,Brian Kingman
1012929,Ralph Terry
1011224,Buck Ross
1010661,Ed Rakow
1006773,Harry Kelley
4913,Jarrod Parker
1007146,Lew Krausse
1005652,Weldon Henley
7608,Tommy Milone
1005423,Lum Harris
1009174,Cy Morgan
1002388,Chris Codiroli
1014368,Curt Young
1006001,Bob Hooper
1009419,Elmer Myers
1014170,Bobby Witt
329,Jimmy Haynes
1009828,Mike Oquist
1006467,Jing Johnson
1013917,Dave Wickersham
1000755,Bill Beckmann
1010536,Ariel Prieto
1011825,Bob Shawkey
1003289,Bill Dietrich
1012966,Bud Thomas
1000396,Johnny Babich
1010459,Arnie Portocarrero
1003080,Storm Davis
1014117,Snake Wiltse
1001010,Don Black
349,Jose Rijo
15514,Kendall Graveman
1007175,Bill Krueger
1003328,Art Ditmar
1004305,Chick Fraser
1011538,Carl Scheib
1003474,Moe Drabowsky
1005271,Dave Hamilton
1009126,Roy Moore
1006740,Dave Keefe
1009732,John O'Donoghue
1010471,Nels Potter
1011926,Bill Shores
1009505,Lynn Nelson
1004348,Marion Fricano
1001822,Sugar Cain
1014305,Weldon Wyckoff
1001494,Boardwalk Brown
1001398,Rube Bressler
1284,Todd Van Poppel
1006048,Byron Houck
1013523,Jerry Walker
1303,Roy Halladay
1012532,Dave Stieb
1006885,Jimmy Key
1002255,Jim Clancy
1005162,Juan Guzman
145,Pat Hentgen
815,Roger Clemens
855,David Wells
13431,Marcus Stroman
75,Todd Stottlemyre
1298,Kelvim Escobar
7410,J.A. Happ
1000122,Doyle Alexander
512,A.J. Burnett
1007431,Luis Leal
1292,Chris Carpenter
3403,Ricky Romero
9346,Brandon Morrow
225,Mark Buehrle
1118,Marco Estrada
6204,Shaun Marcum
1007511,Dave Lemanczyk
1245,R.A. Dickey
1310,Esteban Loaiza
883,Al Leiter
1489,Josh Towers
833,Ted Lilly
1009211,Jack Morris
8600,Dustin McGowan
1004898,Jim Gott
11490,Aaron Sanchez
1004133,Mike Flanagan
1013281,Tom Underwood
10732,Drew Hutchison
1006380,Jesse Jefferson
1190,Woody Williams
2660,Brett Cecil
3688,Jesse Litsch
2060,Gustavo Chacin
1004558,Jerry Garvin
1002106,John Cerutti
1012299,Warren Spahn
104,Greg Maddux
1009564,Kid Nichols
1009583,Phil Niekro
115,John Smoltz
90,Tom Glavine
1013908,Jim Whitney
1014042,Vic Willis
1011284,Dick Rudolph
1002293,John Clarkson
1012300,Al Spalding
1001662,Lew Burdette
1011373,Johnny Sain
1001158,Tommy Bond
1010773,Ron Reed
1706,Steve Avery
1012547,Jack Stivetts
1001634,Charlie Buffinton
921,Tim Hudson
106,Kevin Millwood
1007988,Rick Mahler
1006363,Pat Jarvis
1013252,Lefty Tyler
1009230,Carl Morton
1014380,Irv Young
6797,Julio Teheran
1010631,Charley Radbourn
1006369,Al Javery
1000566,Jesse Barnes
1001348,Ed Brandt
1012389,Harry Staley
1012218,Zane Smith
1013089,Jim Tobin
1010376,Togie Pittinger
1007904,Danny MacFayden
1012100,Bob Smith
1007492,Charlie Leibrandt
1000947,Vern Bickford
1007512,Denny Lemaster
1009485,Art Nehf
1007589,Ted Lewis
1000600,Red Barrett
1001637,Bob Buhl
1014405,Tom Zachary
1010178,Hub Perdue
1002359,Tony Cloninger
1008249,Al Mattern
441,Denny Neagle
1001921,Ben Cantwell
1003317,Bill Dineen
5556,Jair Jurrjens
1004649,Charlie Getzein
1006477,Ken Johnson
1010185,Pascual Perez
1006164,Tom Hughes
1004609,Joe Genewich
1010650,Pat Ragan
179,John Burkett
1000259,Nate Andrews
9129,Tommy Hanson
10811,Mike Foltynewicz
1004045,Dana Fillingim
1012565,George Stone
1011330,Dick Ruthven
1002507,Gene Conley
1002588,Johnny Cooney
1001499,Buster Brown
1000122,Doyle Alexander
1012729,Max Surkont
1012191,Pete Smith
13781,Alex Wood
1000933,Huck Betts
10021,Mike Minor
1006344,Bill James
9417,Kris Medlen
1011683,Jack Scott
430,Mike Hampton
1005749,Otto Hess
1007612,Vive Lindaman
453,John Thomson
1007014,Fred Klobedanz
1008685,Hugh McQuillan
1004018,Lou Fette
199,Derek Lowe
1001123,Tommy Boggs
1004297,Fred Frankhouse
1012695,Jim Sullivan
1011728,Socks Seibold
1013229,Jim Turner
1002598,Mort Cooper
1009738,Joe Oeschger
1003989,George Ferguson
1000277,Johnny Antonelli
1011819,Bob Shaw
1008799,Andy Messersmith
1009970,David Palmer
1012295,Bill Sowders
1000855,Larry Benton
1005637,Bob Hendley
1124,Russ Ortiz
1007942,Kid Madden
1013682,Mule Watson
439,Kent Mercker
1011391,Manny Salvo
1008125,Rube Marquard
1013448,Bill Voiselle
1001928,Buzz Capra
1012268,Eddie Solomon
1014089,Jim Wilson
1010262,Big Jeff Pfeffer
1012480,Bill Stemmeyer
1008651,Craig McMurtry
1003414,Gus Dorner
1003283,Walt Dickson
1001901,Rick Camp
1009557,Chet Nichols
1011920,Milt Shoffner
1009989,Milt Pappas
1008700,Larry McWilliams
1010462,Bill Posedel
1008268,Rick Matula
1002791,Ray Crone
110,Horacio Ramirez
1005430,Roric Harrison
1004195,Curry Foley
1009458,Jim Nash
1011363,Bob Sadowski
1013792,Johnny Werts
1008011,John Malarkey
1011622,Ron Schueler
1006373,Joey Jay
1003815,Dick Errickson
1013947,Kaiser Wilhelm
1005004,Kent Greenfield
1008661,Tim McNamara
1013965,Carl Willey
1004068,Hank Fischer
1004129,Patsy Flaherty
1002899,Cliff Curtis
1008065,Jack Manning
1001495,Bob Brown
1014276,Ed Wright
1004305,Chick Fraser
1001057,Wade Blasingame
1010382,Juan Pizarro
1007328,Johnny Lanning
710,Ben Sheets
1005799,Teddy Higuera
1005172,Moose Haas
1001212,Chris Bosio
8173,Yovani Gallardo
1001830,Mike Caldwell
1012054,Jim Slaton
1013727,Bill Wegman
1009465,Jaime Navarro
1012279,Lary Sorensen
1002409,Jim Colborn
1244,Doug Davis
1006703,Scott Karl
1653,Cal Eldred
1701,Chris Capuano
10547,Jimmy Nelson
1010074,Marty Pattin
13183,Zach Davies
4635,Dave Bush
1008454,Ben McDonald
1012745,Don Sutton
1007696,Skip Lockwood
1285,Steve Woodard
7754,Mike Fiers
6895,Chase Anderson
1013461,Pete Vuckovich
1009594,Juan Nieves
3340,Matt Garza
7738,Wily Peralta
1000365,Jerry Augustine
871,Jeff D'Amico
6204,Shaun Marcum
1002127,Bill Champion
1118,Marco Estrada
976,Randy Wolf
739,Kyle Lohse
1008400,Bob McClure
329,Jimmy Haynes
707,Glendon Rusch
1001161,Ricky Bones
4279,Manny Parra
5702,Junior Guerra
1002996,Danny Darwin
2141,Chris Narveson
1013161,Bill Travers
715,Jamey Wright
1010026,Bill Parsons
633,Jeff Suppan
1000364,Don August
1007146,Lew Krausse
1001293,Gene Brabender
1004662,Bob Gibson
2233,Adam Wainwright
1003106,Dizzy Dean
1005209,Jesse Haines
1001375,Harry Brecheen
1007325,Max Lanier
1002598,Mort Cooper
1006304,Larry Jackson
1292,Chris Carpenter
1003336,Bill Doak
1010423,Howie Pollet
1004233,Bob Forsch
1006943,Silver King
1172,Matt Morris
1011869,Bill Sherdel
1011385,Slim Sallee
1001964,Steve Carlton
1002026,Bob Caruthers
1011980,Curt Simmons
1005229,Bill Hallahan
1001383,Ted Breitenstein
1004266,Dave Foutz
1009015,Vinegar Bend Mizell
1012547,Jack Stivetts
1008528,Jumbo McGinnis
1005184,Harvey Haddix
1012941,Bob Tewksbury
1009320,Red Munger
1013652,Ray Washburn
1001463,Ernie Broglio
1012388,Gerry Staley
1001371,Al Brazle
1007973,Joe Magrane
1003168,Jose DeLeon
1000266,Joaquin Andujar
1013215,John Tudor
2520,Lance Lynn
1014369,Cy Young
8137,Jaime Garcia
1006505,Syl Johnson
1010878,Flint Rhem
1000128,Pete Alexander
1003282,Murry Dickson
1002695,Danny Cox
1013637,Lon Warneke
11682,Carlos Martinez
1002347,Reggie Cleveland
14078,Michael Wacha
1010487,Jack Powell
1003110,Paul Dean
1190,Woody Williams
1011360,Ray Sadecki
1001953,Tex Carleton
1014155,Rick Wise
1005517,Pink Hawley
1001432,Nelson Briles
299,Donovan Osborne
739,Kyle Lohse
1163,Darryl Kile
1013461,Pete Vuckovich
1013735,Bob Weiland
1144,Andy Benes
1006139,Nat Hudson
1006590,Sam Jones
1008489,Chappie McFarland
1008534,Lynn McGlothen
1000210,Red Ames
1010688,Toad Ramsey
1010412,Tom Poholsky
1006699,Ed Karger
75,Todd Stottlemyre
1004770,Kid Gleason
1005141,Harry Gumbert
1003224,Paul Derringer
1000767,Fred Beebe
17479,Jack Flaherty
1002122,Elton Chamberlain
1003210,John Denny
1007847,Johnny Lush
1008507,Bill McGee
9803,Miles Mikolas
1008705,Lee Meadows
1009291,Tony Mullane
1003043,Curt Davis
1009816,Mike O'Neill
1005371,Bob Harmon
952,Rheal Cormier
1003373,Red Donahue
1012670,Willie Sudhoff
1010264,Jeff Pfeffer
1009564,Kid Nichols
1010704,Eric Rasmussen
1007338,Dave LaPoint
1094,Joel Pineiro
1013871,Ernie White
1012879,Jack Taylor
1005061,Burleigh Grimes
1005827,Ken Hill
633,Jeff Suppan
1013508,Bill Walker
1012104,Bryn Smith
1000600,Red Barrett
265,Alan Benes
1012449,Bill Steele
1006155,Jim Hughey
1000735,Johnny Beazley
1010731,Bugs Raymond
1005438,Bill Hart
10130,Mike Leake
1004867,Marv Goodwin
1008536,Stoney McGlynn
1006542,Cowboy Jones
1001693,Ken Burkhart
1012878,Jack Taylor
1005072,Dan Griner
1008441,Lindy McDaniel
1002274,Dad Clarkson
412,Jake Westbrook
1008196,Silvio Martinez
1011934,Clyde Shoun
1006367,Larry Jaster
1008237,Greg Mathews
1006288,Al Jackson
1185,Garrett Stephenson
1008998,Clarence Mitchell
1009771,Omar Olivares
1010853,Jerry Reuss
1013962,Ted Wilks
1012288,Allen Sothoron
1010522,Joe Presko
1010206,Pol Perritt
1004246,Alan Foster
1010810,Art Reinhart
10197,Shelby Miller
526,Braden Looper
1012652,John Stuper
1009939,Gene Packard
1013729,Herm Wehmeier
1014340,Stan Yerkes
1709,Todd Wellemeyer
1005380,Jack Harper
105,Jason Marquis
1009360,Ed Murphy
1002905,John Curtis
1006979,Bill Kissinger
1013134,Mike Torrez
1011649,Ferdie Schupp
1003910,Pete Falcone
1010217,Bill Pertica
1004650,Rube Geyer
932,Mark Mulder
1001499,Buster Brown
1012640,Johnny Stuart
1013675,Allen Watson
1008301,Jakie May
1006388,Fergie Jenkins
1010852,Rick Reuschel
1006235,Bill Hutchison
1001547,Mordecai Brown
1011307,Bob Rush
104,Greg Maddux
1011188,Charley Root
1013384,Hippo Vaughn
1000128,Pete Alexander
1005038,Clark Griffith
1010046,Claude Passeau
1002293,John Clarkson
305,Carlos Zambrano
1007447,Bill Lee
1002618,Larry Corcoran
1005303,Bill Hands
1013637,Lon Warneke
1008044,Pat Malone
1003754,Dick Ellsworth
12049,Kyle Hendricks
304,Kerry Wood
1004338,Larry French
1009910,Orval Overall
1012734,Rick Sutcliffe
1005989,Ken Holtzman
1001752,Guy Bush
1012879,Jack Taylor
1010850,Ed Reulbach
4153,Jake Arrieta
1008980,Paul Minner
1001165,Bill Bonham
4930,Jon Lester
301,Mark Prior
1011585,Johnny Schmitz
1004808,Fred Goldsmith
287,Jon Lieber
517,Ryan Dempster
1010266,Jack Pfiester
1006304,Larry Jackson
1001038,Sheriff Blake
1014315,Hank Wyse
1005638,Claude Hendrix
1007352,Terry Larkin
1001847,Nixey Callahan
180,Frank Castillo
1014433,George Zettlein
1006005,Burt Hooton
833,Ted Lilly
1007185,Mike Krukow
1012824,Kevin Tapani
1005139,Ad Gumbert
1011422,Scott Sanderson
1003660,Dennis Eckersley
1005868,Glen Hobbie
271,Matt Clement
1002176,Larry Cheney
1009989,Milt Pappas
1013197,Steve Trout
1003436,Phil Douglas
1007836,Carl Lundgren
898,Steve Trachsel
1005182,Warren Hacker
1013738,Jake Weimer
1001729,Ray Burris
1003224,Paul Derringer
1013916,Bob Wicker
1001424,Buttons Briggs
1001208,Hank Borowy
1001941,Don Cardwell
1007284,Dennis Lamp
1012926,Adonis Terry
3254,Jeff Samardzija
1000118,Vic Aldridge
1007390,Jimmy Lavender
11423,Jose Quintana
1004559,Ned Garvin
1013252,Lefty Tyler
1009465,Jaime Navarro
1008416,Jim McCormick
3340,Matt Garza
1003810,Paul Erickson
1009790,Vern Olsen
1000484,Mark Baldwin
1006718,Tony Kaufmann
1007802,Pat Luby
1001953,Tex Carleton
1005829,Dave Hillman
1008763,Jock Menefee
67,Mike Morgan
1000951,Mike Bielecki
1001637,Bob Buhl
1007013,Johnny Klippstein
1000219,Bob Anderson
1012300,Al Spalding
1008522,Willie McGill
4538,Jason Hammel
1006182,Bert Humphries
1001603,Clay Bryant
4535,Randy Wells
1000998,Hi Bithorn
1008197,Speed Martin
9884,Travis Wood
1010423,Howie Pollet
1007169,Gus Krock
1010923,Lew Richie
1008534,Lynn McGlothen
1006590,Sam Jones
1010104,George Pearce
1013357,George Van Haltren
1005363,Mike Harkey
1012573,Steve Stone
1001307,George Bradley
1004356,Danny Friend
4806,Rich Hill
1003607,Frank Dwyer
1091,Jamie Moyer
1012912,John Tener
1006163,Tom Hughes
1003474,Moe Drabowsky
1009667,Rich Nye
1012100,Bob Smith
1013041,Walter Thornton
1008571,Harry McIntire
1001961,Hal Carlson
1007101,Cal Koonce
1006581,Percy Jones
1002416,King Cole
1007246,Doyle Lade
1011330,Dick Ruthven
1002195,Bob Chipman
1009866,Bob Osborn
1507,John Lackey
105,Jason Marquis
1006756,Vic Keen
1841,Edwin Jackson
1001646,Jim Bullinger
5905,Sean Marshall
1004251,Kevin Foster
1009582,Joe Niekro
1004305,Chick Fraser
1003511,Dick Drott
1009871,Tiny Osborne
1001213,Shawn Boskie
1002174,Virgil Cheeves
1009135,Jake Mooty
60,Randy Johnson
1692,Brandon Webb
73,Curt Schilling
9323,Patrick Corbin
1943,Zack Greinke
1757,Dan Haren
11486,Robbie Ray
46,Miguel Batista
6986,Ian Kennedy
646,Omar Daal
8779,Wade Miley
7146,Daniel Hudson
44,Brian Anderson
14862,Zack Godley
1244,Doug Davis
1144,Andy Benes
7312,Josh Collmenter
6249,Trevor Cahill
72,Armando Reynoso
4366,Joe Saunders
2036,Clayton Kershaw
1012745,Don Sutton
1003516,Don Drysdale
1013342,Dazzy Vance
1007124,Sandy Koufax
1013327,Fernando Valenzuela
1005741,Orel Hershiser
1011281,Nap Rucker
1005061,Burleigh Grimes
1010406,Johnny Podres
1009529,Don Newcombe
1013750,Bob Welch
1009878,Claude Osteen
1006005,Burt Hooton
1012926,Adonis Terry
1002315,Watty Clark
1009321,Van Mungo
642,Kevin Brown
1010853,Jerry Reuss
1006515,Tommy John
1008193,Ramon Martinez
1012007,Bill Singer
1003816,Carl Erskine
1010264,Jeff Pfeffer
1014304,Whit Wyatt
1006836,Brickyard Kennedy
666,Hideo Nomo
5842,Chad Billingsley
1011122,Preacher Roe
1267,Chan Ho Park
1283,Ismael Valdez
1010717,Doug Rau
1008125,Rube Marquard
1001811,Leon Cadore
14444,Hyun-Jin Ryu
199,Derek Lowe
1008799,Andy Messersmith
1005280,Luke Hamlin
1001343,Ralph Branca
1003043,Curt Davis
1001911,Tom Candiotti
1000789,Tim Belcher
1943,Zack Greinke
1002026,Bob Caruthers
3283,Hiroki Kuroda
1010452,Henry Porter
668,Odalis Perez
1012205,Sherry Smith
535,Brad Penny
1012464,Ed Stein
862,Pedro Astacio
1011291,Dutch Ruether
1010257,Jesse Petty
1005495,Joe Hatten
1005088,Kevin Gross
1000807,George Bell
1005782,Kirby Higbe
647,Darren Dreifort
1004122,Freddie Fitzsimmons
1014039,Stan Williams
1007699,Billy Loes
1003450,Al Downing
18498,Kenta Maeda
1010650,Pat Ragan
1006981,Frank Kitson
1003393,Bill Donovan
19374,Walker Buehler
1007779,Tom Lovett
1010140,Alejandro Pena
67,Mike Morgan
1005992,Rick Honeycutt
1006154,Jay Hughes
1002723,Roger Craig
1005020,Hal Gregg
1012817,Vito Tamulis
1003573,Jack Dunn
503,Jeff Weaver
1003741,Jumbo Elliott
1005364,John Harkins
1002176,Larry Cheney
1010887,Rick Rhoden
13781,Alex Wood
1012614,Elmer Stricklett
1008833,Russ Meyer
4806,Rich Hill
1011490,Doc Scanlan
1006580,Oscar Jones
1003003,Dan Daub
1007438,Tim Leary
1007722,Vic Lombardi
1008571,Harry McIntire
1004559,Ned Garvin
1008049,Al Mamaux
1010094,Harley Payne
1005542,Ed Head
1002039,Hugh Casey
1000831,Ray Benge
976,Randy Wolf
1004266,Dave Foutz
1013053,Sloppy Thurston
1010524,Tot Pressnell
1010850,Ed Reulbach
1008757,Rube Melton
1006160,Mickey Hughes
1008698,Doug McWeeny
1008998,Clarence Mitchell
1014331,Joe Yeager
1000541,Cy Barger
833,Ted Lilly
1013947,Kaiser Wilhelm
1008576,Doc McJames
1009756,Bob Ojeda
1010279,Ray Phelps
1009550,Doc Newton
1008452,Danny McDevitt
1003336,Bill Doak
1000571,Rex Barney
1007533,Dutch Leonard
1000140,Frank Allen
1005591,Fred Heimach
1008527,Joe McGinnity
1014346,Earl Yingling
1004297,Fred Frankhouse
1003177,Wheezer Dell
1012734,Rick Sutcliffe
1007843,Dolf Luque
655,Kazuhisa Ishii
1006915,Sam Kimber
1005185,George Haddock
1009023,Joe Moeller
1000738,Boom-Boom Beck
1007034,Elmer Knetzer
1002794,Jack Cronin
1003636,Mal Eason
1002583,Jack Coombs
1004246,Alan Foster
1009254,Ray Moss
1011583,Henry Schmidt
1001763,Max Butcher
1010049,Jim Pastorius
1008235,Christy Mathewson
1008106,Juan Marichal
1006123,Carl Hubbell
1011308,Amos Rusie
1010210,Gaylord Perry
1006743,Tim Keefe
1013757,Mickey Welch
5524,Madison Bumgarner
1000210,Red Ames
5705,Tim Lincecum
4732,Matt Cain
1006358,Larry Jansen
1014116,Hooks Wiltse
1131,Jason Schmidt
1008527,Joe McGinnity
1000277,Johnny Antonelli
1004122,Freddie Fitzsimmons
1011648,Hal Schumacher
1008125,Rube Marquard
1008755,Cliff Melton
1007968,Sal Maglie
1007118,Dave Koslo
1000606,Jim Barr
1009065,John Montefusco
1012867,Dummy Taylor
1012936,Jeff Tesreau
1005228,Ed Halicki
1008724,Jouett Meekin
1011432,Jack Sanford
1009724,Billy O'Dell
179,John Burkett
873,Shawn Estes
1009485,Art Nehf
1008420,Mike McCormick
1000566,Jesse Barnes
1007185,Mike Krukow
1004827,Ruben Gomez
1005556,Jim Hearn
1005281,Atlee Hammaker
1001094,Vida Blue
1116,Livan Hernandez
1007709,Bill Lohrman
1128,Kirk Rueter
1000576,Virgil Barnes
1124,Russ Ortiz
1006590,Sam Jones
1002273,Dad Clarke
1000857,Rube Benton
1001146,Bobby Bolin
1000855,Larry Benton
1003453,Kelly Downs
1005141,Harry Gumbert
1013508,Bill Walker
1007031,Bob Knepper
1010852,Rick Reuschel
1011360,Ray Sadecki
1007240,Mike LaCoss
1011683,Jack Scott
1012788,Bill Swift
1833,Noah Lowry
1001608,Ron Bryant
1010206,Pol Perritt
1013116,Fred Toney
1013448,Bill Voiselle
7507,Jonathan Sanchez
1003187,Al Demaree
1002730,Doc Crandall
3254,Jeff Samardzija
1008685,Hugh McQuillan
944,Barry Zito
6893,Johnny Cueto
1004529,Mark Gardner
1011061,Don Robinson
1003436,Phil Douglas
1001990,Bill Carrick
1011349,Rosy Ryan
1006846,Monte Kennedy
1014109,Trevor Wilson
1013911,Ed Whitson
1006591,Sheldon Jones
1011385,Slim Sallee
1010016,Roy Parmelee
1056,Brett Tomko
1007367,Bill Laskey
1011649,Ferdie Schupp
1005685,Ron Herbel
1009321,Van Mungo
1004546,Scott Garrelts
1011777,Cy Seymour
1010731,Bugs Raymond
1002731,Ed Crane
1000852,Jack Bentley
1003356,Ed Doheny
1003512,Louis Drucke
1172,Matt Morris
1000226,Fred Anderson
1008935,Stu Miller
1000484,Mark Baldwin
1013358,William Van Landingham
1011,Ryan Vogelsong
1003971,Harry Feldman
1013615,John Ward
1001316,Tom Bradley
1005517,Pink Hawley
1006943,Silver King
1007501,Mark Leiter
1005004,Kent Greenfield
1002075,Slick Castleman
1005669,Dutch Henry
1004636,Les German
1001830,Mike Caldwell
1008998,Clarence Mitchell
1001976,Bob Carpenter
1012708,Mike Sullivan
921,Tim Hudson
1003067,Mark Davis
1004609,Joe Genewich
1002919,John D'Acquisto
1001007,Bud Black
1005466,Clint Hartung
1014173,Johnnie Wittig
1003975,Bob Feller
1005339,Mel Harder
1008476,Sam McDowell
1002682,Stan Coveleski
1004505,Mike Garcia
1006132,Willis Hudlin
2429,Corey Kluber
1006630,Addie Joss
1007517,Bob Lemon
1014309,Early Wynn
1013266,George Uhle
397,Charles Nagy
404,CC Sabathia
1009232,Guy Morton
6632,Carlos Carrasco
1000411,Jim Bagby
1010210,Gaylord Perry
1004010,Wes Ferrell
76,Greg Swindell
1011813,Joe Shaute
1000546,Len Barker
1001911,Tom Candiotti
375,Bartolo Colon
1636,Cliff Lee
1000150,Johnny Allen
1013054,Luis Tiant
1009011,Willie Mitchell
1001098,Bert Blyleven
12703,Trevor Bauer
1011951,Sonny Siebert
1001504,Clint Brown
2038,Justin Masterson
1000891,Bill Bernhard
1008903,Jake Miller
412,Jake Westbrook
1013494,Rick Waits
1011671,Herb Score
1005022,Vean Gregg
1003913,Cy Falkenberg
1009103,Earl Moore
1012205,Sherry Smith
1005356,Steve Hargan
1003660,Dennis Eckersley
19427,Shane Bieber
1000806,Gary Bell
1239,Dave Burba
1005080,Steve Gromek
12808,Mike Clevinger
1005804,Oral Hildebrand
5867,Danny Salazar
1010213,Jim Perry
384,Chuck Finley
1012089,Al Smith
1008161,Dennis Martinez
1000870,Heinie Berger
3273,Roberto Hernandez
1003395,Dick Donovan
1005741,Orel Hershiser
1010881,Bob Rhoads
1010111,Monte Pearson
1003948,John Farrell
1008962,Al Milnar
1012734,Rick Sutcliffe
1007135,Jack Kralick
1005749,Otto Hess
1000412,Jim Bagby
1001007,Bud Black
9388,Josh Tomlin
1000945,Jim Bibby
1001045,Fred Blanding
1010860,Allie Reynolds
1006997,Ed Klepfer
1014369,Cy Young
1002675,Fritz Coumbe
1003373,Red Donahue
1001618,Garland Buckeye
1012454,Bill Steen
1007601,Glenn Liebhardt
1001832,Ray Caldwell
1003210,John Denny
1014155,Rick Wise
1005568,Neal Heaton
1004443,Denny Galehouse
3374,Ubaldo Jimenez
1006665,George Kahler
1009744,Chad Ogea
1004538,Wayne Garland
415,Jaret Wright
1006066,Art Houtteman
1007998,Duster Mails
1010681,Pedro Ramos
1013056,Dick Tidrow
1007377,Barry Latman
2895,Zach McAllister
1012279,Lary Sorensen
1008626,Cal McLish
1002296,Mark Clark
1010091,Mike Paxton
1003763,Red Embree
961,Jose Mesa
594,Paul Byrd
1003345,Pat Dobson
1004952,Mudcat Grant
1003688,Jim Joe Edwards
1010227,Fritz Peterson
1012342,Dan Spillner
1000717,Gene Bearden
1006851,Vern Kennedy
1598,Jason Davis
1003105,Chubby Dean
1007570,Dutch Levsen
9083,Jeremy Sowers
1005198,Rip Hagerman
1009452,Ray Narleski
1013866,Earl Whitehill
1009583,Phil Niekro
1006999,Ed Klieman
1000430,Scott Bailes
1011620,Ken Schrom
1003572,Steve Dunning
4772,Felix Hernandez
60,Randy Johnson
1091,Jamie Moyer
1009122,Mike Moore
1005333,Erik Hanson
1007323,Mark Langston
1077,Freddy Garcia
1000731,Jim Beattie
11828,James Paxton
1000516,Floyd Bannister
13048,Hisashi Iwakuma
1014385,Matt Young
1094,Joel Pineiro
15467,Marco Gonzales
1000510,Scott Bankhead
40,Jarrod Washburn
1000010,Glenn Abbott
8044,Jason Vargas
279,Jeff Fassero
1005969,Brian Holman
1012788,Bill Swift
34,Aaron Sele
1001212,Chris Bosio
1089,Gil Meche
9425,Doug Fister
1010024,Mike Parrott
1005992,Rick Honeycutt
1004145,Dave Fleming
67,Mike Morgan
1080,John Halama
10130,Mike Leake
1076,Ryan Franklin
1010210,Gaylord Perry
1061,Paul Abbott
11836,Taijuan Walker
4567,Josh Johnson
3830,Ricky Nolasco
1703,Dontrelle Willis
512,A.J. Burnett
11530,Jose Fernandez
510,Josh Beckett
3284,Anibal Sanchez
642,Kevin Brown
535,Brad Penny
790,Carl Pavano
517,Ryan Dempster
1003993,Alex Fernandez
1010700,Pat Rapp
9132,Nathan Eovaldi
92,Chris Hammond
5669,Henderson Alvarez
179,John Burkett
883,Al Leiter
4529,Scott Olsen
1116,Livan Hernandez
9901,Chris Volstad
6570,Tom Koehler
11589,Jose Urena
1476,Jesus Sanchez
9460,Dan Straily
1006050,Charlie Hough
998,Brian Meadows
1011708,Tom Seaver
1004852,Dwight Gooden
1007103,Jerry Koosman
10954,Jacob deGrom
1008246,Jon Matlack
1004001,Sid Fernandez
1680,David Cone
883,Al Leiter
11762,Noah Syndergaard
1002989,Ron Darling
755,Johan Santana
11713,Matt Harvey
1039,Bobby Jones
750,Rick Reed
1012754,Craig Swan
4424,Jon Niese
10310,Zack Wheeler
1011355,Bret Saberhagen
90,Tom Glavine
1006288,Al Jackson
1009756,Bob Ojeda
1245,R.A. Dickey
5203,Mike Pelfrey
1013435,Frank Viola
200,Pedro Martinez
898,Steve Trachsel
1008328,Jim McAndrew
707,Glendon Rusch
375,Bartolo Colon
1004090,Jack Fisher
1004614,Gary Gentry
1011360,Ray Sadecki
4773,John Maine
13361,Steven Matz
1000086,Rick Aguilera
895,Jae Seo
7396,Dillon Gee
1014407,Pat Zachry
1002296,Mark Clark
1007862,Ed Lynch
1011348,Nolan Ryan
569,Dave Mlicki
1514,Oliver Perez
1158,Jason Isringhausen
1003830,Nino Espinosa
807,Masato Yoshii
1001941,Don Cardwell
1012924,Walt Terrell
1002723,Roger Craig
1011691,Mike Scott
1003910,Pete Falcone
1005374,Pete Harnisch
1002246,Galen Cisco
1012392,Tracy Stallard
1005999,Jay Hook
1011138,Steve Rogers
10131,Stephen Strasburg
3137,Max Scherzer
801,Javier Vazquez
1008161,Dennis Martinez
7448,Gio Gonzalez
1012104,Bryn Smith
4505,Jordan Zimmermann
200,Pedro Martinez
1005136,Bill Gullickson
1116,Livan Hernandez
279,Jeff Fassero
8753,Tanner Roark
1011422,Scott Sanderson
195,Dustin Hermanson
1012560,Bill Stoneman
1007423,Charlie Lea
1010835,Steve Renko
1010185,Pascual Perez
1005827,Ken Hill
1010179,Carlos Perez
788,Tomo Ohka
1009970,David Palmer
761,Tony Armas Jr.
1009431,Chris Nabholz
1008325,Ernie McAnally
1004381,Woodie Fryman
1014361,Floyd Youmans
71,John Patterson
1013134,Mike Torrez
790,Carl Pavano
1004529,Mark Gardner
12972,Joe Ross
7080,John Lannan
852,Mike Thurman
1009090,Balor Moore
1011527,Dan Schatzeder
1009230,Carl Morton
1001279,Oil Can Boyd
2859,Ross Detwiler
1005088,Kevin Gross
1128,Kirk Rueter
1496,Zach Day
1005071,Ross Grimsley
1007448,Bill Lee
1001729,Ray Burris
1001029,Dennis Blair
1000560,Brian Barnes
1009973,Jim Palmer
837,Mike Mussina
1008655,Dave McNally
1004133,Mike Flanagan
1011918,Urban Shocker
1002853,Mike Cuellar
1010487,Jack Powell
1008546,Scott McGregor
1009989,Milt Pappas
1001025,George Blaeholder
1001111,Mike Boddicker
1000530,Steve Barber
137,Scott Erickson
1004969,Dolly Gray
1013737,Carl Weilman
1009317,Bob Muncrief
1004443,Denny Galehouse
161,Sidney Ponson
1006097,Harry Howell
1004556,Ned Garver
1012524,Lefty Stewart
1008161,Dennis Martinez
126,Erik Bedard
1007137,Jack Kramer
1003080,Storm Davis
1010471,Nels Potter
1008454,Ben McDonald
1013355,Elam Vangilder
1001520,Hal Brown
1012288,Allen Sothoron
1006438,Connie Johnson
1004753,Fred Glade
1010136,Barney Pelty
1003345,Pat Dobson
14107,Kevin Gausman
2072,Jeremy Guthrie
150,Rodrigo Lopez
1010301,Tom Phoebus
1009546,Bobo Newsom
13071,Wei-Yin Chen
1013467,Rube Waddell
1009724,Billy O'Dell
1010350,Duane Pillette
5279,Chris Tillman
1003045,Dixie Davis
1011046,Robin Roberts
1009596,Johnny Niggeling
1005273,Earl Hamilton
1002391,Dick Coffman
1002966,Dave Danforth
1005955,Al Hollingsworth
1931,Daniel Cabrera
1005344,Jim Hardin
1013945,Hoyt Wilhelm
1005186,Bump Hadley
1000366,Elden Auker
1003016,Dave Davenport
1000253,Ivy Andrews
1001652,Wally Bunker
1004567,Milt Gaston
1002820,Alvin Crowder
1003921,Cliff Fannin
1007262,Joe Lake
1007088,Ray Kolp
1005071,Ross Grimsley
12917,Dylan Bundy
1013933,Bill Wight
1091,Jamie Moyer
1004090,Jack Fisher
147,Jason Johnson
1008855,Bob Milacki
1003841,Chuck Estrada
1003373,Red Donahue
1007053,Jack Knott
1007359,Don Larsen
3374,Ubaldo Jimenez
1011430,Fred Sanford
1009125,Ray Moore
1014129,Ernie Wingard
1012726,Steve Sundra
1014458,Sam Zoldak
396,Jose Mercedes
1002463,Rip Collins
1013337,Russ Van Atta
1000686,George Baumgardner
1013225,Bob Turley
1008310,Rudy May
1005804,Oral Hildebrand
1005930,Chief Hogsett
1007699,Billy Loes
1012573,Steve Stone
1014291,Rasty Wright
1009010,Roy Mitchell
7024,Miguel Gonzalez
1010385,Eddie Plank
1008959,Lefty Mills
1006338,Sig Jakucki
1012734,Rick Sutcliffe
1005400,Bob Harris
1010796,Bill Reidy
1000122,Doyle Alexander
1006834,Bill Kennedy
1000701,Bill Bayne
1014405,Tom Zachary
1097,Arthur Rhodes
1013921,Al Widmar
1011958,Ed Siever
2646,Brian Matusz
1012670,Willie Sudhoff
1013523,Jerry Walker
1005081,Bob Groom
1000490,Jeff Ballard
1009743,Jack Ogden
1003331,Ken Dixon
8375,Brad Bergesen
1010459,Arnie Portocarrero
4153,Jake Arrieta
1005374,Pete Harnisch
1006851,Vern Kennedy
1004460,Bert Gallia
1007784,Grover Lowdermilk
1006343,Bill James
1004925,Bill Grahame
1001801,Tommy Byrne
1007100,Ernie Koob
1013541,Jim Walkup
1000418,Bill Bailey
1011914,Tex Shirley
1003317,Bill Dineen
1007566,Walt Leverenz
1006442,Dave Johnson
1051,Jake Peavy
1006582,Randy Jones
1144,Andy Benes
637,Andy Ashby
1006222,Bruce Hurst
1013911,Ed Whitson
328,Joey Hamilton
1045,Brian Lawrence
1011937,Eric Show
1010210,Gaylord Perry
7872,Tyson Ross
1029,Adam Eaton
3815,Mat Latos
1003486,Dave Dravecky
3196,Chris Young
1011031,Dave Roberts
8782,Andrew Cashner
1011423,Scott Sanders
1006960,Clay Kirby
1005514,Andy Hawkins
1190,Woody Williams
824,Sterling Hitchcock
1005416,Greg Harris
104,Greg Maddux
3551,Clayton Richard
1010703,Dennis Rasmussen
855,David Wells
1013052,Mark Thurmond
1011911,Bob Shirley
1000303,Steve Arlin
271,Matt Clement
1007715,Tim Lollar
1009632,Fred Norman
8011,Eric Stults
1005027,Bill Greif
1006569,Jimmy Jones
1004333,Dave Freisleben
6986,Ian Kennedy
1012627,Brent Strom
1767,Kevin Correia
6432,Tim Stauffer
1009337,Steve Mura
1055,Brian Tollberg
1006114,La Marr Hoyt
14682,Luis Perdomo
1009914,Bob Owchinko
1010704,Eric Rasmussen
3990,Edinson Volquez
1012342,Dan Spillner
1013327,Fernando Valenzuela
1037,Kevin Jarvis
1039,Bobby Jones
1003711,Juan Eichelberger
1002905,John Curtis
1001964,Steve Carlton
1011046,Robin Roberts
1000128,Pete Alexander
4972,Cole Hamels
73,Curt Schilling
1011980,Curt Simmons
1001653,Jim Bunning
1011931,Chris Short
1011008,Eppa Rixey
1002215,Larry Christenson
1636,Cliff Lee
1012306,Tully Sparks
1010972,Jimmy Ring
1014155,Rick Wise
16149,Aaron Nola
1009857,Al Orth
1003987,Charlie Ferguson
1001634,Charlie Buffinton
1012878,Jack Taylor
1303,Roy Halladay
1011330,Dick Ruthven
1000831,Ray Benge
665,Terry Mulholland
976,Randy Wolf
1010046,Claude Passeau
1004770,Kid Gleason
1002036,Dan Casey
1008705,Lee Meadows
1001961,Hal Carlson
1011259,Schoolboy Rowe
1013820,Gus Weyhing
1002008,Kid Carsey
1009103,Earl Moore
1004381,Woodie Fryman
1003210,John Denny
1007724,Jim Lonborg
1008297,Erskine Mayer
1008682,George McQuillan
962,Brett Myers
1003373,Red Donahue
1002640,Frank Corridon
1008833,Russ Meyer
1003542,Bill Duggleby
1011413,Ben Sanders
1010646,Ken Raffensberger
1003043,Curt Davis
1006304,Larry Jackson
1012144,George Smith
1002461,Phil Collins
1007533,Dutch Leonard
1011294,Bruce Ruffin
1006122,Bill Hubbell
1004305,Chick Fraser
1005088,Kevin Gross
1008998,Clarence Mitchell
1013244,Wayne Twitchell
1013583,Bucky Walters
1002507,Gene Conley
1013864,Doc White
964,Vicente Padilla
1005184,Harvey Haddix
1010305,Wiley Piatt
1006502,Si Johnson
1003741,Jumbo Elliott
1009289,Hugh Mulcahy
106,Kevin Millwood
1003187,Al Demaree
1005013,Tommy Greene
287,Jon Lieber
1006295,Danny Jackson
1009166,Lew Moren
1005596,Ken Heintzelman
1006505,Syl Johnson
1006743,Tim Keefe
1011432,Jack Sanford
1001387,Ad Brennan
4849,Joe Blanton
1008875,Bob Miller
11189,Vince Velasquez
926,Cory Lidle
1005330,Snipe Hansen
966,Robert Person
1011706,Tom Seaton
6230,Kyle Kendrick
1000594,Dick Barrett
12664,Jerad Eickhoff
1007979,Art Mahaffey
1014046,Claude Willoughby
1010719,Shane Rawley
1002115,George Chalmers
1091,Jamie Moyer
1006298,Grant Jackson
1001802,Marty Bystrom
1006166,Tommy Hughes
1005953,Ed Holley
1003499,Karl Drews
1007551,Randy Lerch
1013273,Dutch Ulrich
1006660,Jim Kaat
1013281,Tom Underwood
1009923,Jim Owens
1006134,Charles Hudson
1002225,Bubba Church
1000838,Dennis Bennett
1013423,Tom Vickery
1003827,Duke Esper
13774,Zach Eflin
1001269,Joe Bowman
1005782,Kirby Higbe
1007103,Jerry Koosman
1004632,Al Gerheauser
1002933,Ed Daily
1009738,Joe Oeschger
1002869,Ray Culp
1013729,Herm Wehmeier
1006100,Ken Howell
1002424,John Coleman
1008626,Cal McLish
1005928,Brad Hogg
15454,Nick Pivetta
1006640,Oscar Judd
1003984,Alex Ferguson
4371,Jeremy Hellickson
1010405,Johnny Podgajny
1007447,Bill Lee
1010376,Togie Pittinger
1001941,Don Cardwell
4153,Jake Arrieta
954,Brandon Duckworth
1000891,Bill Bernhard
1002480,Pat Combs
1013739,Lefty Weinert
1013835,George Wheeler
1010923,Lew Richie
1001788,John Buzhardt
1004763,Whitey Glazner
1003381,Blix Donnelly
1007847,Johnny Lush
1014146,Jesse Winters
1011520,Charley Schanz
1003282,Murry Dickson
1004033,Jack Fifield
1007555,Barry Lersch
1006623,Orville Jorgens
1004989,Dallas Green
1003151,Jose DeJesus
1011744,Ray Semproch
1000738,Boom-Boom Beck
1001967,Don Carman
1006320,Elmer Jacobs
1010871,Ken Reynolds
1004275,Bill Foxen
1005014,Tyler Green
1003830,Nino Espinosa
1014,Mike Williams
1012781,Les Sweetland
594,Paul Byrd
1009001,Fred Mitchell
1005896,Lefty Hoerst
1004355,Bob Friend
1000041,Babe Adams
1002602,Wilbur Cooper
1010287,Deacon Phillippe
1013391,Bob Veale
1007410,Vern Law
1007470,Sam Leever
1001909,John Candelaria
1003747,Dock Ellis
1007156,Ray Kremer
1010887,Rick Rhoden
1012822,Jesse Tannehill
1009204,Ed Morris
1001866,Howie Camnitz
1011768,Rip Sewell
1009134,Bob Moose
1006904,Frank Killen
1008705,Lee Meadows
1003473,Doug Drabek
1004338,Larry French
1009217,Johnny Morrison
1001055,Cy Blanton
1012787,Bill Swift
1014042,Vic Willis
13125,Gerrit Cole
1001763,Max Butcher
1011183,Jim Rooker
1003282,Murry Dickson
1004469,Pud Galvin
1007494,Lefty Leifield
8678,Paul Maholm
1010853,Jerry Reuss
1006978,Bruce Kison
1001058,Steve Blass
1005517,Pink Hawley
1012218,Zane Smith
1007007,Bob Klinger
1001098,Bert Blyleven
3840,Zach Duke
982,Kris Benson
1003708,Red Ehret
1004658,Joe Gibbon
1005184,Harvey Haddix
1005061,Burleigh Grimes
1009883,Fritz Ostermueller
1012622,Nick Strincevich
1011122,Preacher Roe
1010852,Rick Reuschel
1002623,Francisco Cordova
1005273,Earl Hamilton
1012084,John Smiley
1131,Jason Schmidt
1013507,Bob Walk
1002179,Jack Chesbro
1008700,Larry McWilliams
512,A.J. Burnett
287,Jon Lieber
1008897,Frank Miller
11674,Jameson Taillon
1008731,Heinie Meine
441,Denny Neagle
1007004,Ron Kline
1011061,Don Robinson
1013525,Luke Walker
253,Todd Ritchie
1013111,Randy Tomlin
2227,Ian Snell
1001961,Hal Carlson
1005638,Claude Hendrix
1005809,Carmen Hill
1006115,Waite Hoyt
1002120,Cliff Chambers
3201,Francisco Liriano
1003168,Jose DeLeon
1001432,Nelson Briles
1007808,Red Lucas
1013699,Jim Weaver
4676,Charlie Morton
1005371,Bob Harmon
1000681,Russ Bauers
1000118,Vic Aldridge
1001338,Erv Brame
1012,Kip Wells
1000945,Jim Bibby
12970,Joe Musgrove
1001541,Mace Brown
1000982,Ralph Birkofer
1013786,Bill Werle
1003503,Denny Driscoll
1000484,Mark Baldwin
1014328,Emil Yde
1008682,George McQuillan
1004763,Whitey Glazner
1012389,Harry Staley
16977,Trevor Williams
1008049,Al Mamaux
1013089,Jim Tobin
1004289,Earl Francis
1005596,Ken Heintzelman
1010572,Bob Purkey
1994,Ivan Nova
1007950,Nick Maddox
1013490,Paul Wagner
1008337,Al McBean
1011382,Harry Salisbury
1011067,Hank Robinson
1001269,Joe Bowman
1002570,Steve Cooke
1012018,Tommie Sisk
1006943,Silver King
1001166,Tiny Bonham
5879,Jeff Karstens
1005139,Ad Gumbert
5523,James McDonald
1310,Esteban Loaiza
1514,Oliver Perez
977,Jimmy Anderson
1012785,Steve Swetonic
1003356,Ed Doheny
1001941,Don Cardwell
1004527,Jim Gardner
1007867,Mike Lynch
1001653,Jim Bunning
1004129,Patsy Flaherty
14975,Chad Kuhl
1002032,Charlie Case
1009898,Marty O'Toole
1013218,Lee Tunnell
989,Josh Fogg
6244,Tom Gorzelanny
1007335,Paul LaPalme
1010880,Billy Rhines
1012926,Adonis Terry
1012729,Max Surkont
2929,Jeff Locke
1002180,Bob Chesnes
1005438,Bill Hart
1010423,Howie Pollet
1006155,Jim Hughey
8268,Ross Ohlendorf
1005483,Charlie Hastings
1012690,Fleury Sullivan
1006320,Elmer Jacobs
1006694,Erv Kantlehner
1008416,Jim McCormick
1003570,Mike Dunne
1010591,Mel Queen
1012323,Glenn Spencer
1009472,Jack Neagle
1013,Dave Williams
1767,Kevin Correia
1277,Kenny Rogers
1006050,Charlie Hough
642,Kevin Brown
1011348,Nolan Ryan
1006388,Fergie Jenkins
1014170,Bobby Witt
1010210,Gaylord Perry
13074,Yu Darvish
1008246,Jon Matlack
1259,Colby Lewis
1005160,Jose Guzman
1001215,Dick Bosman
179,John Burkett
4141,Derek Holland
106,Kevin Millwood
1008714,Doc Medich
58,Rick Helling
1002428,Joe Coleman
34,Aaron Sele
1001098,Bert Blyleven
3580,C.J. Wilson
1002996,Danny Darwin
1009878,Claude Osteen
1010087,Roger Pavlik
6902,Martin Perez
5551,Matt Harrison
206,Darren Oliver
1012818,Frank Tanana
10021,Mike Minor
4972,Cole Hamels
6283,Scott Feldman
1005827,Ken Hill
1002968,Bennie Daniels
964,Vicente Padilla
1010922,Pete Richert
1005356,Steve Hargan
1000945,Jim Bibby
1008221,Mike Mason
1005992,Rick Honeycutt
1244,Doug Davis
379,Ryan Drese
1000122,Doyle Alexander
1002177,Tom Cheney
1004802,Bill Gogolewski
1003747,Dock Ellis
1008420,Mike McCormick
1013276,Jim Umbarger
1011285,Don Rudolph
1010039,Camilo Pascual
1001454,Pete Broberg
1002482,Steve Comer
1005316,Jim Hannan
1267,Chan Ho Park
1011859,Jim Shellenback
1012482,Dave Stenhouse
1009855,Phil Ortega
1009089,Barry Moore
1009455,Buster Narum
12730,Nick Martinez
7059,James Shields
3184,David Price
6345,Chris Archer
4897,Scott Kazmir
13543,Blake Snell
6562,Alex Cobb
3340,Matt Garza
6397,Jake Odorizzi
8591,Jeff Niemann
1890,Matt Moore
4371,Jeremy Hellickson
7667,Andy Sonnanstine
625,Bryan Rekar
1574,Mark Hendrickson
1217,Joe Kennedy
174,Rolando Arrojo
1234,Paul Wilson
1223,Ryan Rupe
1230,Tanyon Sturtze
7441,Wade Davis
1193,Wilson Alvarez
1841,Edwin Jackson
1237,Victor Zambrano
188,Casey Fossum
815,Roger Clemens
1014369,Cy Young
200,Pedro Martinez
1005099,Lefty Grove
1010017,Mel Parnell
1012691,Frank Sullivan
1009048,Bill Monbouquette
1013054,Luis Tiant
4930,Jon Lester
1003344,Joe Dobson
1014224,Joe Wood
219,Tim Wakefield
1006169,Tex Hughson
1001409,Tom Brewer
510,Josh Beckett
1009610,Willard Nixon
1007532,Dutch Leonard
1006222,Bruce Hurst
1002462,Ray Collins
1003660,Dennis Eckersley
1002869,Ray Culp
10603,Chris Sale
1003317,Bill Dineen
1009883,Fritz Ostermueller
1014145,George Winter
1007724,Jim Lonborg
1004010,Wes Ferrell
73,Curt Schilling
1007448,Bill Lee
1003707,Howard Ehmke
3543,Clay Buchholz
2717,Rick Porcello
1010605,Jack Quinn
1011313,Jack Russell
1006922,Ellis Kinder
1011296,Red Ruffing
1011951,Sonny Siebert
1011327,Babe Ruth
1007904,Danny MacFayden
1001279,Oil Can Boyd
1004012,Dave Ferriss
1010161,Herb Pennock
1013134,Mike Torrez
1008448,Mickey McDermott
1014087,Jack Wilson
1006589,Sam Jones
13164,Eduardo Rodriguez
1014073,Earl Wilson
199,Derek Lowe
1005424,Mickey Harris
3184,David Price
1008313,Carl Mays
1011927,Ernie Shore
1004443,Denny Galehouse
34,Aaron Sele
1003179,Ike Delock
1001111,Mike Boddicker
1001754,Joe Bush
1507,John Lackey
1012822,Jesse Tannehill
1002236,Eddie Cicotte
1000764,Hugh Bedient
1014155,Rick Wise
1009756,Bob Ojeda
1009156,Dave Morehead
7775,Daisuke Matsuzaka
1013215,John Tudor
1012409,Bob Stanley
1003984,Alex Ferguson
1010885,Gordon Rhodes
1009205,Ed Morris
1002347,Reggie Cleveland
1012548,Chuck Stobbs
1004567,Milt Gaston
1005747,Joe Hesketh
282,Tom Gordon
1013435,Frank Viola
1005431,Slim Harriss
1010074,Marty Pattin
1004259,Rube Foster
1012400,Lee Stange
1000806,Gary Bell
1008103,Johnny Marcum
1002996,Danny Darwin
1002905,John Curtis
1000412,Jim Bagby
1011355,Bret Saberhagen
1010228,Gary Peters
1006388,Fergie Jenkins
1007137,Jack Kramer
1013756,Johnny Welch
978,Bronson Arroyo
1009168,Roger Moret
1002507,Gene Conley
1005415,Greg Harris
1009684,Buck O'Brien
1009602,Al Nipper
1000297,Frank Arellanes
1014130,Ted Wingfield
1003404,John Dopson
179,John Burkett
1006450,Earl Johnson
1014115,Hal Wiltse
1010835,Steve Renko
1013501,Rube Walberg
1003589,Ed Durham
1009547,Dick Newsome
1011310,Allan Russell
1005665,Bill Henry
1006640,Oscar Judd
1478,Felix Doubront
1013480,Charlie Wagner
1011733,Jeff Sellers
1005239,Charley Hall
1013735,Bob Weiland
1011657,Don Schwall
1010654,Chuck Rainey
1006699,Ed Karger
1005420,Joe Harris
1012019,Dave Sisler
1014411,Paul Zahniser
1009439,Mike Nagy
1007589,Ted Lewis
1010325,Bill Piercy
1004762,Ralph Glaze
1004670,Norwood Gibson
1001346,Bucky Brandon
1012931,Yank Terry
1006708,Benn Karr
1004390,Curt Fullerton
1014242,Pinky Woods
1007651,Hod Lisenbee
1009174,Cy Morgan
1009807,Emmett O'Neill
1003224,Paul Derringer
1011008,Eppa Rixey
1005205,Noodles Hahn
1007843,Dolf Luque
349,Jose Rijo
1008039,Jim Maloney
1003880,Bob Ewing
1009665,Joe Nuxhall
1003390,Pete Donohue
1013583,Bucky Walters
1009897,Jim O'Toole
1009616,Gary Nolan
1013350,Johnny Vander Meer
1001013,Ewell Blackwell
1003607,Frank Dwyer
1009291,Tony Mullane
1007808,Red Lucas
1012289,Mario Soto
1010880,Billy Rhines
1451,Aaron Harang
1010646,Ken Raffensberger
6893,Johnny Cueto
1010572,Bob Purkey
1000857,Rube Benton
1001566,Tom Browning
1011708,Tom Seaver
1008301,Jakie May
978,Bronson Arroyo
1005134,Don Gullett
1012673,George Suggs
1010282,Bill Phillips
1012084,John Smiley
8362,Homer Bailey
1012134,Elmer Smith
1009632,Fred Norman
1001383,Ted Breitenstein
1006373,Joey Jay
1013116,Fred Toney
1013897,Will White
1000970,Jack Billingham
1004278,Howie Fox
1004268,Art Fowler
1008313,Carl Mays
1010048,Frank Pastore
15689,Luis Castillo
1000864,Bruce Berenyi
1003599,Jesse Duryea
1006502,Si Johnson
1003729,Hod Eller
10130,Mike Leake
1007398,Brooks Lawrence
3815,Mat Latos
1002122,Elton Chamberlain
1004342,Benny Frey
1010025,Tom Parrott
1013420,Lee Viau
1004375,Art Fromme
13050,Anthony DeSclafani
1007088,Ray Kolp
1011597,Pete Schneider
1009989,Milt Pappas
1006295,Danny Jackson
1000855,Larry Benton
1005756,Ed Heusser
1005380,Jack Harper
1004560,Harry Gaspar
1056,Brett Tomko
1003708,Red Ehret
1010946,Elmer Riddle
1005374,Pete Harnisch
1005955,Al Hollingsworth
317,Elmer Dessens
1005517,Pink Hawley
1008789,Jim Merritt
1013738,Jake Weimer
1009529,Don Newcombe
1000789,Tim Belcher
1004229,Frank Foreman
1011608,Pete Schourek
1002372,Andy Coakley
1316,Steve Parris
1003753,Sammy Ellis
1013017,Junior Thompson
1003073,Peaches Davis
1011076,Ron Robinson
1007013,Johnny Klippstein
1011607,Gene Schott
1000210,Red Ames
1011250,Jack Rowan
1005073,Lee Grissom
1013229,Jim Turner
1011291,Dutch Ruether
1010530,Joe Price
3990,Edinson Volquez
1013055,Jay Tibbs
1001165,Bill Bonham
1010683,Willie Ramsdell
1001873,Billy Campbell
1239,Dave Burba
1009245,Paul Moskau
1011678,Ed Scott
1008596,Larry McKeon
1002962,Bill Dammann
1005071,Ross Grimsley
1006960,Clay Kirby
1007240,Mike LaCoss
1006377,Hal Jeffcoat
1013535,Tom Walker
1009910,Orval Overall
1012435,Ray Starr
1005136,Bill Gullickson
1010504,Ted Power
1010195,Harry Perkowski
1010972,Jimmy Ring
1234,Paul Wilson
1000313,Jack Armstrong
814,Brandon Claussen
16358,Tyler Mahle
1011385,Slim Sallee
1006739,Bobby Keefe
1002666,Johnny Couch
1013208,John Tsitouris
1009266,Bill Mountjoy
1010433,Ed Poole
1009550,Doc Newton
1010113,George Pechiney
1012744,Jack Sutthoff
1002171,Charlie Chech
1002870,George Culver
348,Chris Reitsma
1012298,Bob Spade
1010404,Bud Podbielan
1004095,Ray Fisher
1008532,Jim McGlothlin
1008998,Clarence Mitchell
1013729,Herm Wehmeier
1002003,Ownie Carroll
1010560,Tim Pugh
1008414,Harry McCormick
1012708,Mike Sullivan
743,Eric Milton
1009131,Whitey Moore
329,Jimmy Haynes
1002938,Gene Dale
1011999,Wayne Simpson
1005999,Jay Hook
1002359,Tony Cloninger
3374,Ubaldo Jimenez
1571,Aaron Cook
2047,Jorge De La Rosa
4684,Jeff Francis
14916,Jon Gray
862,Pedro Astacio
15038,German Marquez
434,Jason Jennings
2608,Jhoulys Chacin
453,John Thomson
4538,Jason Hammel
16256,Kyle Freeland
1010998,Kevin Ritz
10587,Chad Bettis
4338,Tyler Chatwood
715,Jamey Wright
12880,Tyler Anderson
72,Armando Reynoso
1163,Darryl Kile
7731,Juan Nicasio
15488,Antonio Senzatela
424,Shawn Chacon
1004326,Marvin Freeman
441,Denny Neagle
1001126,Brian Bohanon
989,Josh Fogg
430,Mike Hampton
3,Kevin Appier
1005115,Mark Gubicza
1011355,Bret Saberhagen
1007531,Dennis Leonard
1012346,Paul Splittorff
1943,Zack Greinke
1007492,Charlie Leibrandt
1003475,Dick Drago
1001745,Steve Busby
3542,Danny Duffy
1005150,Larry Gura
1006295,Danny Jackson
282,Tom Gordon
1011192,Jose Rosado
1004119,Al Fitzmorris
1001007,Bud Black
633,Jeff Suppan
1089,Gil Meche
1680,David Cone
6943,Luke Hochevar
7059,James Shields
1000789,Tim Belcher
1011183,Jim Rooker
1002936,Bruce Dal Canton
11855,Yordano Ventura
192,Chris Haney
1009511,Roger Nelson
15734,Brad Keller
769,Bruce Chen
5718,Brian Bannister
1010074,Marty Pattin
1472,Hipolito Pichardo
8044,Jason Vargas
1005575,Mike Hedlund
3990,Edinson Volquez
1004444,Rich Gale
594,Paul Byrd
613,Darrell May
3642,Kyle Davies
1000285,Luis Aquino
13619,Jakob Junis
1001771,Bill Butler
6986,Ian Kennedy
707,Glendon Rusch
2072,Jeremy Guthrie
1528,Runelvys Hernandez
1001652,Wally Bunker
1007712,Mickey Lolich
1009535,Hal Newhouser
8700,Justin Verlander
1001421,Tommy Bridges
1013196,Dizzy Trout
1009211,Jack Morris
1003011,Hooks Dauss
1007364,Frank Lary
1009302,George Mullin
1001653,Jim Bunning
1013203,Virgil Trucks
1013866,Earl Whitehill
1011259,Schoolboy Rowe
1003393,Bill Donovan
1006238,Fred Hutchinson
3137,Max Scherzer
1008603,Denny McLain
1013939,Milt Wilcox
1010246,Dan Petry
1002428,Joe Coleman
1005893,Billy Hoeft
1012818,Frank Tanana
1012283,Vic Sorrell
1009546,Bobo Newsom
1009250,Don Mossi
1667,Jeremy Bonderman
2717,Rick Porcello
1002681,Harry Coveleski
1000366,Elden Auker
1000853,Al Benton
1006066,Art Houtteman
1012924,Walt Terrell
3284,Anibal Sanchez
1014073,Earl Wilson
1004287,Paul Foytack
1013266,George Uhle
1011958,Ed Siever
480,Brian Moehler
1000087,Hank Aguirre
1013966,Ed Willett
503,Jeff Weaver
1009911,Stubby Overmire
1007532,Dutch Leonard
8217,Justin Thompson
1012719,Ed Summers
1004978,Ted Gray
1006908,Ed Killian
1011273,Dave Rozema
9425,Doug Fister
1002463,Rip Collins
1004556,Ned Garver
1620,Nate Robertson
1003707,Howard Ehmke
1001137,Bernie Boland
15440,Matthew Boyd
1005966,Ken Holloway
1003519,Jean Dubuc
1004890,Johnny Gorsica
13218,Michael Fulmer
1004023,Mark Fidrych
855,David Wells
1013917,Dave Wickersham
1508,Mike Maroth
1012570,Lil Stoner
1012307,Joe Sparma
499,Steve Sparks
1010351,Herman Pillette
1013877,Hal White
1009762,Red Oldham
1000122,Doyle Alexander
1002003,Ownie Carroll
1008100,Firpo Marberry
1006981,Frank Kitson
1005136,Bill Gullickson
147,Jason Johnson
13475,Daniel Norris
1005080,Steve Gromek
1005930,Chief Hogsett
1008929,Roscoe Miller
4505,Jordan Zimmermann
1004674,Sam Gibson
1011297,Vern Ruhle
1000865,Juan Berenguer
1003358,John Doherty
1002820,Alvin Crowder
1007649,Felipe Lira
1004381,Woodie Fryman
1001033,Willie Blair
1013766,Ed Wells
1009011,Willie Mitchell
1001821,Les Cain
1010785,Phil Regan
1011031,Dave Roberts
1007894,Duke Maas
1277,Kenny Rogers
1014304,Whit Wyatt
1007255,Lerrin LaGrow
1006901,Mike Kilkenny
1006505,Syl Johnson
1014331,Joe Yeager
1004719,George Gill
1000970,Jack Billingham
4222,Armando Galarraga
1014258,Ralph Works
1009582,Joe Niekro
569,Dave Mlicki
1011073,Jeff Robinson
1007406,Roxie Lawson
1006343,Bill James
462,Nate Cornejo
1009122,Mike Moore
1006511,Walter Johnson
1001098,Bert Blyleven
1006660,Jim Kaat
1010039,Camilo Pascual
748,Brad Radke
1007533,Dutch Leonard
755,Johan Santana
1004818,Dave Goltz
1013435,Frank Viola
1010213,Jim Perry
1012824,Kevin Tapani
1006141,Sid Hudson
1010056,Case Patten
1002820,Alvin Crowder
1002130,Dean Chance
6176,Scott Baker
1014405,Tom Zachary
1010445,Bob Porterfield
1011824,Jim Shaw
1009546,Bobo Newsom
1000387,Doc Ayers
1005189,Mickey Haefner
1005081,Bob Groom
1006163,Tom Hughes
1005186,Bump Hadley
743,Eric Milton
1012548,Chuck Stobbs
10123,Kyle Gibson
1001222,Dave Boswell
1008100,Firpo Marberry
1008789,Jim Merritt
3201,Francisco Liriano
137,Scott Erickson
1014309,Early Wynn
1009029,George Mogridge
1008230,Walt Masterson
1013866,Earl Whitehill
1007135,Jack Kralick
1014410,Geoff Zahn
1010681,Pedro Ramos
14168,Jose Berrios
1011496,Ray Scarborough
1007103,Jerry Koosman
1001540,Lloyd Brown
1004952,Mudcat Grant
1006589,Sam Jones
1004460,Bert Gallia
1008126,Connie Marrero
1003812,Roger Erickson
1002164,Ken Chase
1005379,Harry Harper
1012181,Mike Smithson
740,Joe Mays
1012110,Charlie Smith
1013702,Monte Weaver
7450,Phil Hughes
790,Carl Pavano
1000216,Allan Anderson
3200,Ervin Santana
1002682,Stan Coveleski
739,Kyle Lohse
1014193,Roger Wolff
6397,Jake Odorizzi
1001368,Garland Braxton
9918,Kevin Slowey
973,Carlos Silva
1001676,Bobby Burke
1011585,Johnny Schmitz
1012534,Dick Stigman
1001115,Joe Boehling
1009596,Johnny Niggeling
1001762,John Butcher
1009857,Al Orth
1012941,Bob Tewksbury
1006824,Russ Kemmerer
1003913,Cy Falkenberg
1012561,Dean Stone
1010751,Pete Redfern
1007134,Joe Krakauskas
1007471,Watty Lee
1013971,Albert Williams
1013511,Dixie Walker
1011106,Frank Rodriguez
1013145,Happy Townsend
1003127,Joe Decker
1012524,Lefty Stewart
1007651,Hod Lisenbee
5203,Mike Pelfrey
1011291,Dutch Ruether
1001990,Bill Carrick
4270,Nick Blackburn
1001983,Alex Carrasquel
750,Rick Reed
3830,Ricky Nolasco
1003229,Jimmie DeShong
4064,Brian Duensing
1014236,Dick Woodson
1000283,Pete Appleton
1004010,Wes Ferrell
1007453,Don Lee
1008448,Mickey McDermott
1011620,Ken Schrom
1002057,Bobby Castillo
729,LaTroy Hawkins
1006294,Darrell Jackson
1004968,Dolly Gray
2159,Boof Bonser
1004067,Carl Fischer
1012996,Tommy Thomas
5089,Scott Diamond
1010334,Marino Pieretti
1005507,Brad Havens
1003806,Eric Erickson
1014185,Barney Wolfe
1767,Kevin Correia
1006157,Jim Hughes
1011841,Spec Shea
1006317,Beany Jacobson
1012202,Roy Smith
1011045,Rich Robertson
1005534,Joe Haynes
1009165,Julio Moreno
1002678,Harry Courtney
1005056,Hal Griggs
1003777,Joe Engel
1007887,Ted Lyons
1003889,Red Faber
1010326,Billy Pierce
1013570,Ed Walsh
225,Mark Buehrle
1002236,Eddie Cicotte
1014248,Wilbur Wood
1007468,Thornton Lee
1006025,Joe Horlen
1010228,Gary Peters
10603,Chris Sale
1008473,Jack McDowell
1006515,Tommy John
1013864,Doc White
1003993,Alex Fernandez
1011684,Jim Scott
11423,Jose Quintana
1011321,Reb Russell
1001702,Britt Burns
1012996,Tommy Thomas
1000860,Joe Benz
6329,John Danks
1003395,Dick Donovan
1003424,Richard Dotson
232,Jon Garland
1010382,Juan Pizarro
1010961,Johnny Rigney
1012139,Frank Smith
3886,Gavin Floyd
1014015,Lefty Williams
1660,Jose Contreras
801,Javier Vazquez
1000516,Floyd Bannister
1006114,La Marr Hoyt
1193,Wilson Alvarez
1001316,Tom Bradley
1014309,Early Wynn
1012132,Eddie Smith
1010071,Roy Patterson
1077,Freddy Garcia
1005684,Ray Herbert
1007748,Ed Lopat
1012015,Mike Sirotka
1001054,Ted Blankenship
1000191,Nick Altrock
1006660,Jim Kaat
1013203,Virgil Trucks
1003289,Bill Dietrich
1005435,Jack Harshman
1051,Jake Peavy
1013933,Bill Wight
1001788,John Buzhardt
1064,James Baldwin
1006422,Bart Johnson
1013882,John Whitehead
1006871,Dickie Kerr
1005100,Orval Grove
1013197,Steve Trout
1009916,Frank Owen
1012602,Monty Stratton
1310,Esteban Loaiza
1011025,Charlie Robertson
1006186,Johnny Humphries
1011143,Saul Rogovin
1007147,Ken Kravec
1005764,Greg Hibbard
1005534,Joe Haynes
1006589,Sam Jones
1011708,Tom Seaver
1006851,Vern Kennedy
15474,Lucas Giolito
1000414,Stan Bahnsen
1012573,Steve Stone
16137,Carlos Rodon
1013053,Sloppy Thurston
1005143,Randy Gumpert
1000603,Francisco Barrios
1003344,Joe Dobson
1011819,Bob Shaw
1007564,Dixie Leverett
1010183,Melido Perez
1007053,Jack Knott
250,Jim Parque
375,Bartolo Colon
16400,Reynaldo Lopez
1006744,Bob Keegan
1014089,Jim Wilson
1000689,Ross Baumgarten
1001847,Nixey Callahan
1000683,Frank Baumann
1004567,Milt Gaston
1002513,Sarge Connally
1005038,Clark Griffith
1009985,Frank Papish
1006071,Bruce Howard
1008382,Kirk McCaskill
1007318,Frank Lange
266,Jason Bere
1014264,Rich Wortham
1006929,Eric King
1011224,Buck Ross
1007727,Bill Long
1009465,Jaime Navarro
1013961,Roy Wilkinson
1009786,Fred Olmstead
1001933,Pat Caraway
1002916,Mike Cvengros
1006050,Charlie Hough
1013063,Les Tietje
1004307,Vic Frazier
258,Dan Wright
1004129,Patsy Flaherty
1000075,Grady Adkins
7059,James Shields
840,Andy Pettitte
1004227,Whitey Ford
1005124,Ron Guidry
1011296,Red Ruffing
1004821,Lefty Gomez
837,Mike Mussina
1012579,Mel Stottlemyre
1010161,Herb Pennock
404,CC Sabathia
1002179,Jack Chesbro
1011825,Bob Shawkey
1006115,Waite Hoyt
1010227,Fritz Peterson
1002133,Spud Chandler
1006515,Tommy John
1010702,Vic Raschi
815,Roger Clemens
1010860,Allie Reynolds
1007748,Ed Lopat
1003450,Al Downing
1001832,Ray Caldwell
15764,Masahiro Tanaka
1680,David Cone
1010605,Jack Quinn
1004095,Ray Fisher
1004223,Russ Ford
1001166,Tiny Bonham
855,David Wells
1009857,Al Orth
1010363,George Pipgras
1012929,Ralph Terry
823,Orlando Hernandez
1008310,Rudy May
1006885,Jimmy Key
15890,Luis Severino
1008313,Carl Mays
1010958,Dave Righetti
1010183,Melido Perez
1004037,Ed Figueroa
1008714,Doc Medich
1013628,Jack Warhop
2074,Chien-Ming Wang
1009029,George Mogridge
1006199,Catfish Hunter
1000414,Stan Bahnsen
1006589,Sam Jones
1011918,Urban Shocker
5372,Michael Pineda
3283,Hiroki Kuroda
1001208,Hank Borowy
1010111,Monte Pearson
1000150,Johnny Allen
1001754,Joe Bush
1001241,Jim Bouton
1011324,Marius Russo
1013225,Bob Turley
7450,Phil Hughes
1006097,Harry Howell
1000937,Bill Bevens
60,Randy Johnson
1008527,Joe McGinnity
1003376,Atley Donald
1007005,Steve Kline
1003345,Pat Dobson
1010487,Jack Powell
1010719,Shane Rawley
1012375,Bill Stafford
1007262,Joe Lake
1007196,Johnny Kucks
1012654,Tom Sturdivant
1001453,Johnny Broaca
1006735,Ray Keating
1005038,Clark Griffith
1013384,Hippo Vaughn
1994,Ivan Nova
1011422,Scott Sanderson
1013054,Luis Tiant
1010703,Dennis Rasmussen
1006681,Scott Kamieniecki
1013056,Dick Tidrow
1005927,Bill Hogg
1001403,Marv Breuer
836,Ramiro Mendoza
1009583,Phil Niekro
512,A.J. Burnett
1003469,Slow Joe Doyle
1008563,Marty McHale
1005186,Bump Hadley
1008406,George McConnell
1009550,Doc Newton
1010887,Rick Rhoden
1002864,Nick Cullop
1003328,Art Ditmar
1009951,Joe Page
824,Sterling Hitchcock
1006164,Tom Hughes
1008069,Rube Manning
1011373,Johnny Sain
1000012,Jim Abbott
1007359,Don Larsen
1009184,Tom Morgan
1007438,Tim Leary
1011855,Rollie Sheldon
1014460,Bill Zuber
1011841,Spec Shea
1007775,Slim Love
1004852,Dwight Gooden
1255,Hideki Irabu
1013035,Hank Thormahlen
1003517,Monk Dubiel
1011874,Roy Sherid
1011310,Allan Russell
1001801,Tommy Byrne
1013766,Ed Wells
801,Javier Vazquez
1002463,Rip Collins
1006764,Mike Kekich
1006461,Hank Johnson
1012726,Steve Sundra
1005514,Andy Hawkins
1012813,Fred Talbot
